{"lastName":"Smith", "firstName":"Andrew", "pwd":"cats99"}
/* Comments are not allowed in JSON files */

// Set up in Key (Name)/Value pairs
// "Something" COLON "Something"
// Must use Double Quotes   "
// Not single quotes	    '
// Must seperate each Key/Value pair with comma,
// until the last one. NO COMMA
// May break up the lines for readability
// One document should have only ONE {} pair
// We can store data types text (Strings in Quotes), number (no quotes)
// Boolean (true or false), Null
{
	"lastName"  : "Alvarez",
	"firstName" : "Roberto",
	"age"		: 32,
	"address"	: {
					"number" : 123,
					"street" : "Main Street",
					"city"	 : "San Diego",
					"state"	 : "CA",
					"zip"	 : 91919
				  }
}

console.log(data.adress.city)

// Complex JSON data which has one Name (Key) - users
// but many User Objects. Stored as an Array.
{
	"users" : [
				{},
				{},
				{}
			],
	"admins" : [
				{},
				{},
			],
	"bannedUsers" : [
				{}, // 0
				{}, // 1
				{}, // 2
				{}, // 3
				{
					"lastName"  : "Alvarez",
					"firstName" : "Roberto",
					"age"		: 32,
					"address"	: {
									"number" : 123,
									"street" : "Main Street",
									"city"	 : "San Diego",
									"state"	 : "CA",
									"zip"	 : 91919
								  },
					"profilePic": "/images/2017/13233.jpg"
				}  // 4
			]
}
console.log(data.bannedUsers); // Shows all the records in the bannedUser field
console.log(data.bannedUsers[0]); // Show the 1st banned user
console.log(data.bannedUsers[4].lastName); // Last name of 3rd bannedUser


