{
	"social": [
		{
			"name" 		: "YouTube",
			"desc" 		: "The long-form video network",
			"graphic" 	: "pic01.png",
			"url"		: "http://youtube.com/pmdinteractive"
		},
		{
			"name" 		: "Vine",
			"desc" 		: "Short-form video network",
			"graphic" 	: "pic02.png",
			"url"		: "http://vine.co/pmdinteractive"
		},
		{
			"name" 		: "Twitter",
			"desc" 		: "140 missives",
			"graphic" 	: "pic03.png",
			"url"		: "http://twitter.com/pmdinteractive"
		},
		{
			"name" 		: "Google+",
			"desc" 		: "The Google Social Network",
			"graphic" 	: "pic04.png",
			"url"		: "http://google.com/+pmdinteractive"
		}
	]
}